-- JEUX D'ESSAIS (à compléter)

-- Table Coordonnées

INSERT INTO `Coordonnees`(`IDCoordonnee`, `Adresse1`, `Adresse2`, `Code_Postale`, `Ville`, `Telephone`, `Mail`) VALUES (1,'21, rue PHP',NULL,14000,'Caen',"0611528496","bin.damien@afpa.fr");
INSERT INTO `Coordonnees`(`IDCoordonnee`, `Adresse1`, `Adresse2`, `Code_Postale`, `Ville`, `Telephone`, `Mail`) VALUES (2,'15, rue des frameworks',NULL,14800,'Deauville','0641489575','bray.vincent@afpa.fr');
INSERT INTO `Coordonnees`(`IDCoordonnee`, `Adresse1`, `Adresse2`, `Code_Postale`, `Ville`, `Telephone`, `Mail`) VALUES (3,'7, rue de Girard',NULL,14123,'IFS','0614859753','gauthier.remy@afpa.fr');
INSERT INTO `Coordonnees`(`IDCoordonnee`, `Adresse1`, `Adresse2`, `Code_Postale`, `Ville`, `Telephone`, `Mail`) VALUES (4,'698, boulevard Grégoire Thomas',NULL,14200,'Herouville-Saint-Clair','0612596574','albert.emile@afpa.fr');
INSERT INTO `Coordonnees`(`IDCoordonnee`, `Adresse1`, `Adresse2`, `Code_Postale`, `Ville`, `Telephone`, `Mail`) VALUES (5,'16, rue de Pruvost',NULL,14120,'Mondeville','0658748562','traore.gerard@afpa.fr');
INSERT INTO `Coordonnees`(`IDCoordonnee`, `Adresse1`, `Adresse2`, `Code_Postale`, `Ville`, `Telephone`, `Mail`) VALUES (6,'60, avenue Duval',NULL,14200,'Herouville-Saint-Clair','0654859742','labbe.joseph@afpa.fr');
INSERT INTO `Coordonnees`(`IDCoordonnee`, `Adresse1`, `Adresse2`, `Code_Postale`, `Ville`, `Telephone`, `Mail`) VALUES (7,'6, boulevard de Benoit',NULL,14000,'Caen','0659863215','huet.aurelie@afpa.fr');
INSERT INTO `Coordonnees`(`IDCoordonnee`, `Adresse1`, `Adresse2`, `Code_Postale`, `Ville`, `Telephone`, `Mail`) VALUES (8,'43, chemin Caron',NULL,14000,'Caen','0694758196','antoine.philippe@afpa.fr');
INSERT INTO `Coordonnees`(`IDCoordonnee`, `Adresse1`, `Adresse2`, `Code_Postale`, `Ville`, `Telephone`, `Mail`) VALUES (9,'677, avenue Daniel Moulin',NULL,14123,'IFS','0623985475','lauranne.susanne@afpa.fr');
INSERT INTO `Coordonnees`(`IDCoordonnee`, `Adresse1`, `Adresse2`, `Code_Postale`, `Ville`, `Telephone`, `Mail`) VALUES (10,'55, place William Teixeira',NULL,14123,'IFS','0617485965','mary.alex@afpa.fr');
INSERT INTO `Coordonnees`(`IDCoordonnee`, `Adresse1`, `Adresse2`, `Code_Postale`, `Ville`, `Telephone`, `Mail`) VALUES (11,'39, avenue du Maréchal Juin',NULL,50000,'St-Lô',0238329985,'MartinMarguerite@sfr.fr');
INSERT INTO `Coordonnees`(`IDCoordonnee`, `Adresse1`, `Adresse2`, `Code_Postale`, `Ville`, `Telephone`, `Mail`) VALUES (12,'49, avenue du Maréchal de Lattre de Tasigny',NULL,14000,'Caen',0239220984,'GarciaThérèse@flute.jsp');
INSERT INTO `Coordonnees`(`IDCoordonnee`, `Adresse1`, `Adresse2`, `Code_Postale`, `Ville`, `Telephone`, `Mail`) VALUES (13,'59, rue des Lacs',NULL, 14200,'Hérouville-Saint-Clair',0679631569,'BruceRiquier@rhyta.com');
INSERT INTO `Coordonnees`(`IDCoordonnee`, `Adresse1`, `Adresse2`, `Code_Postale`, `Ville`, `Telephone`, `Mail`) VALUES (14,'50 rue des Lacs',NULL,14200,'Hérouville-Saint-Clair',0636987525,'XavierDenis@armyspy.com');
INSERT INTO `Coordonnees`(`IDCoordonnee`, `Adresse1`, `Adresse2`, `Code_Postale`, `Ville`, `Telephone`, `Mail`) VALUES (15,'5, Chemin des Bateliers',NULL, 61000, 'Alençon',0632154785, 'PatriciaCharlebois@dayrep.com');
INSERT INTO `Coordonnees`(`IDCoordonnee`, `Adresse1`, `Adresse2`, `Code_Postale`, `Ville`, `Telephone`, `Mail`) VALUES (16, '29, rue Ernest Renan', NULL, 50100 ,'Cherbourg',0687412569,'MainvilleAvent@orange.fr');
INSERT INTO `Coordonnees`(`IDCoordonnee`, `Adresse1`, `Adresse2`, `Code_Postale`, `Ville`, `Telephone`, `Mail`) VALUES (17,'94, Chemin des Bateliers',NULL, 61000, 'Alençon',0658741256, 'RosemarieBordeaux@free.fr');
INSERT INTO `Coordonnees`(`IDCoordonnee`, `Adresse1`, `Adresse2`, `Code_Postale`, `Ville`, `Telephone`, `Mail`) VALUES (18, '16 avenue Marechal Juin',NULL, 50000, 'Saint-Lô',0625897412, 'ElodieLamothe@sfr.fr');
INSERT INTO `Coordonnees`(`IDCoordonnee`, `Adresse1`, `Adresse2`, `Code_Postale`, `Ville`, `Telephone`, `Mail`) VALUES (19, '66, Chemin Du Lavarin Sud',NULL, 14000, 'Caen',0612369854,'SydneyCourse@gmail.com');
INSERT INTO `Coordonnees`(`IDCoordonnee`, `Adresse1`, `Adresse2`, `Code_Postale`, `Ville`, `Telephone`, `Mail`) VALUES (20, '50, Chemin Des Bateliers' ,NULL,14000, 'Caen',0698745213,'SamsonThomas@gmail.com' );
INSERT INTO `Coordonnees`(`IDCoordonnee`, `Adresse1`, `Adresse2`, `Code_Postale`, `Ville`, `Telephone`, `Mail`) VALUES (21, '305, Avenue du Javscript', 'étage 3, porte 8 ',14000,'Caen',0641236952, 'WagnerRené@yahoo.fr');
INSERT INTO `Coordonnees`(`IDCoordonnee`, `Adresse1`, `Adresse2`, `Code_Postale`, `Ville`, `Telephone`, `Mail`) VALUES (22, '45, Boulevard du Chalumeau','Batiment3, porte 2',14400,'Bayeux',0698741236,'LefevreNath@yahoo.fr');
INSERT INTO `Coordonnees`(`IDCoordonnee`, `Adresse1`, `Adresse2`, `Code_Postale`, `Ville`, `Telephone`, `Mail`) VALUES (23,'79, rue Léon Dierx', NULL, 14100, 'Lisieux',0658741236,'GallerValérie@gmail.com');
INSERT INTO `Coordonnees`(`IDCoordonnee`, `Adresse1`, `Adresse2`, `Code_Postale`, `Ville`, `Telephone`, `Mail`) VALUES (24,'46, allée du Pinceau',NULL,14260,'Bonnemaison',0666988744,'LerouxMargaret@red.fr');
INSERT INTO `Coordonnees`(`IDCoordonnee`, `Adresse1`, `Adresse2`, `Code_Postale`, `Ville`, `Telephone`, `Mail`) VALUES (25,'86, rue du cable','Etage 3, port 6', 14710, 'Colombière', 0633358742, "BergerGrégoire@gmail.com");
INSERT INTO `Coordonnees`(`IDCoordonnee`, `Adresse1`, `Adresse2`, `Code_Postale`, `Ville`, `Telephone`, `Mail`) VALUES (26,'163, boulevard du Touriste',NULL,14800,'Deauville',0699887744,'BruneauHonoré@free.fr');
INSERT INTO `Coordonnees`(`IDCoordonnee`, `Adresse1`, `Adresse2`, `Code_Postale`, `Ville`, `Telephone`, `Mail`) VALUES (27,'63, boulevard du Maréchal Leclerc',NULL,14000,'Caen',0613214598,'VasseurBenoit@orange.fr');
INSERT INTO `Coordonnees`(`IDCoordonnee`, `Adresse1`, `Adresse2`, `Code_Postale`, `Ville`, `Telephone`, `Mail`) VALUES (28,'192, allée de la Taule',NULL, 14840,'Démouville',0658741238,'PelletierRemy@yahoo.fr');
INSERT INTO `Coordonnees`(`IDCoordonnee`, `Adresse1`, `Adresse2`, `Code_Postale`, `Ville`, `Telephone`, `Mail`) VALUES (29,'1, rue du Grand Tableau',NULL,14730,'Giberville',0687489632,'FabreAdélaide@gmail.com');
INSERT INTO `Coordonnees`(`IDCoordonnee`, `Adresse1`, `Adresse2`, `Code_Postale`, `Ville`, `Telephone`, `Mail`) VALUES (30,'41, avenue du pot Peinture', 'Batiment 2, étage 8, porte 5', 14100, 'Glos', 0614852369,'CharrierLouis@free.fr');
INSERT INTO `Coordonnees`(`IDCoordonnee`, `Adresse1`, `Adresse2`, `Code_Postale`, `Ville`, `Telephone`, `Mail`) VALUES (31,'8,Rue Léopold Sédar-Senghor' , NULL, 14460, 'Colombelles', 0650319158,'Pack.Digital@free.fr');
INSERT INTO `Coordonnees`(`IDCoordonnee`, `Adresse1`, `Adresse2`, `Code_Postale`, `Ville`, `Telephone`, `Mail`) VALUES (32,'9, rue Raymonde Bail',NULL,14000,'CAEN',0261100520,'cins@orange.fr');
INSERT INTO `Coordonnees`(`IDCoordonnee`, `Adresse1`, `Adresse2`, `Code_Postale`, `Ville`, `Telephone`, `Mail`) VALUES (33,'17 rue Victor Hugo',NULL,14700, 'Falaise',0231905329,'contact@inno-reseaux.fr');
INSERT INTO `Coordonnees`(`IDCoordonnee`, `Adresse1`, `Adresse2`, `Code_Postale`, `Ville`, `Telephone`, `Mail`) VALUES (34,'497 Rue Delamare-Deboutteville ',NULL,76160,'SAINT-MARTIN-DU-VIVIER',0231592828,'contact@saoc.fr');
INSERT INTO `Coordonnees`(`IDCoordonnee`, `Adresse1`, `Adresse2`, `Code_Postale`, `Ville`, `Telephone`, `Mail`) VALUES (35,'120 Impasse des Mûriers',NULL,50110,'TOURLAVILLE',0233439146,'bst-normandie@sfr.fr');
INSERT INTO `Coordonnees`(`IDCoordonnee`, `Adresse1`, `Adresse2`, `Code_Postale`, `Ville`, `Telephone`, `Mail`) VALUES (36,'ZI de Montilly',NULL,14250,'TILLY-SUR-SEULLES',0231915501,'contact@tch-normandie.fr');
INSERT INTO `Coordonnees`(`IDCoordonnee`, `Adresse1`, `Adresse2`, `Code_Postale`, `Ville`, `Telephone`, `Mail`) VALUES (37,'181 rue de la flammèche',NULL,76450,'OURVILLE EN CAUX',0672145835,'l-atelier-des-bosses@outlook.fr');
INSERT INTO `Coordonnees`(`IDCoordonnee`, `Adresse1`, `Adresse2`, `Code_Postale`, `Ville`, `Telephone`, `Mail`) VALUES (38,'ZA route de Rouen',NULL,76400,'TOUSSAINT',0234022557,'contact@2mv-car.fr');
INSERT INTO `Coordonnees`(`IDCoordonnee`, `Adresse1`, `Adresse2`, `Code_Postale`, `Ville`, `Telephone`, `Mail`) VALUES (39,'8 rue du Canal', NULL, 76380,'Canteleu',76380,'mace-renault@wanadoo.fr');
INSERT INTO `Coordonnees`(`IDCoordonnee`, `Adresse1`, `Adresse2`, `Code_Postale`, `Ville`, `Telephone`, `Mail`) VALUES (40,'route de gace','la ferte fresnel',61550,'LA FERE EN OUCHE',0233344450,'normandie.liftingautomobile@orange.fr');
INSERT INTO `Coordonnees`(`IDCoordonnee`, `Adresse1`, `Adresse2`, `Code_Postale`, `Ville`, `Telephone`, `Mail`) VALUES (41, 'Le Moulin Foulon',NULL,50150,'SOURDEVALE',0233584588,'contact@normandietransport.fr');
INSERT INTO `Coordonnees`(`IDCoordonnee`, `Adresse1`, `Adresse2`, `Code_Postale`, `Ville`, `Telephone`, `Mail`) VALUES (42,'ZAC EST 18 rue Abo Volo',NULL,14120,'MONDEVILLE',0231358545,'contact@normandielogistique.fr');
INSERT INTO `Coordonnees`(`IDCoordonnee`, `Adresse1`, `Adresse2`, `Code_Postale`, `Ville`, `Telephone`, `Mail`) VALUES (43,'5592 AV DE GLATTBACH',NULL,14760,'BRETTVILLE-SUR-ODON',0892976200,'contact@allaincetp.fr');
INSERT INTO `Coordonnees`(`IDCoordonnee`, `Adresse1`, `Adresse2`, `Code_Postale`, `Ville`, `Telephone`, `Mail`) VALUES (44,'1 route de Malto','RD 147',14320,'FEUGUEROLLES BULLY',0663691343,'contact@samandco-tp.com');
INSERT INTO `Coordonnees`(`IDCoordonnee`, `Adresse1`, `Adresse2`, `Code_Postale`, `Ville`, `Telephone`, `Mail`) VALUES (45," Rue de l'Homme de Bois",NULL,14600,'HONFLEUR',0231895400,'musee.eugeneboudin@wanadoo.fr');
INSERT INTO `Coordonnees`(`IDCoordonnee`, `Adresse1`, `Adresse2`, `Code_Postale`, `Ville`, `Telephone`, `Mail`) VALUES (46,'BP 9 - LE PONT SUD',NULL,61450,'LA FERRIERE AUX ETANGS',0233366905,'voyage.croupis@wanadoo.fr');
INSERT INTO `Coordonnees`(`IDCoordonnee`, `Adresse1`, `Adresse2`, `Code_Postale`, `Ville`, `Telephone`, `Mail`) VALUES (47,'90 rue de Geole',NULL,14000,'CAEN','0231152879','ju.stechezmoi@yahoo.com');
INSERT INTO `Coordonnees`(`IDCoordonnee`, `Adresse1`, `Adresse2`, `Code_Postale`, `Ville`, `Telephone`, `Mail`) VALUES (48,"ZA De L'etoile-Mondevill",NULL,14120,'CAEN',0231354949,'les3brasseurs14@les3brasseursmondeville.fr' );
INSERT INTO `Coordonnees`(`IDCoordonnee`, `Adresse1`, `Adresse2`, `Code_Postale`, `Ville`, `Telephone`, `Mail`) VALUES (49,'ZA Rue des Renards ',NULL,76190,'SAINTE MARIE DES CHAMPS',0235562253,'contact@lsfroid.fr');
INSERT INTO `Coordonnees`(`IDCoordonnee`, `Adresse1`, `Adresse2`, `Code_Postale`, `Ville`, `Telephone`, `Mail`) VALUES (50,'Rue de la Grande Epine',NULL,76800,'SAINT ETIENNE DU ROUVRAY',0235728514,'contact@froidservice-agille.fr');

-- Table SessionExamen

INSERT INTO `SessionExamen`(`IDSessionExam`, `DateSessionExam`) VALUES (2,'2022-10-12');
INSERT INTO `SessionExamen`(`IDSessionExam`, `DateSessionExam`) VALUES (3,'2022-03-26');
INSERT INTO `SessionExamen`(`IDSessionExam`, `DateSessionExam`) VALUES (4,'2021-08-19');
INSERT INTO `SessionExamen`(`IDSessionExam`, `DateSessionExam`) VALUES (5,'2021-08-13');
INSERT INTO `SessionExamen`(`IDSessionExam`, `DateSessionExam`) VALUES (6,'2022-03-29');
INSERT INTO `SessionExamen`(`IDSessionExam`, `DateSessionExam`) VALUES (7,'2021-01-16');
INSERT INTO `SessionExamen`(`IDSessionExam`, `DateSessionExam`) VALUES (8,'2021-09-13');
INSERT INTO `SessionExamen`(`IDSessionExam`, `DateSessionExam`) VALUES (9,'2022-03-29');
INSERT INTO `SessionExamen`(`IDSessionExam`, `DateSessionExam`) VALUES (10,'2022-12-18');
INSERT INTO `SessionExamen`(`IDSessionExam`, `DateSessionExam`) VALUES (11,'2022-03-29');
INSERT INTO `SessionExamen`(`IDSessionExam`, `DateSessionExam`) VALUES (12,'2021-08-14');
INSERT INTO `SessionExamen`(`IDSessionExam`, `DateSessionExam`) VALUES (13,'2020-02-16');
INSERT INTO `SessionExamen`(`IDSessionExam`, `DateSessionExam`) VALUES (14,'2020-10-29');
INSERT INTO `SessionExamen`(`IDSessionExam`, `DateSessionExam`) VALUES (15,'2021-12-06');
INSERT INTO `SessionExamen`(`IDSessionExam`, `DateSessionExam`) VALUES (16,'2022-07-16');
INSERT INTO `SessionExamen`(`IDSessionExam`, `DateSessionExam`) VALUES (17,'2021-06-08');
INSERT INTO `SessionExamen`(`IDSessionExam`, `DateSessionExam`) VALUES (18,'2022-02-28');
INSERT INTO `SessionExamen`(`IDSessionExam`, `DateSessionExam`) VALUES (19,'2022-06-22');
INSERT INTO `SessionExamen`(`IDSessionExam`, `DateSessionExam`) VALUES (20,'2022-12-21');


-- Table Formateur

INSERT INTO `Formateur`(`IDFormateur`, `Nom_du_formateur`, `Prenom_du_Formateur`, `IDCoordonnee`) VALUES (1,'BIN','Damien',1);
INSERT INTO `Formateur`(`IDFormateur`, `Nom_du_formateur`, `Prenom_du_Formateur`, `IDCoordonnee`) VALUES (2,'BRAY','Vincent',2);
INSERT INTO `Formateur`(`IDFormateur`, `Nom_du_formateur`, `Prenom_du_Formateur`, `IDCoordonnee`) VALUES (3,'GAUTHIER','Rémy',3);
INSERT INTO `Formateur`(`IDFormateur`, `Nom_du_formateur`, `Prenom_du_Formateur`, `IDCoordonnee`) VALUES (4,'ALBERT','Emile',4);
INSERT INTO `Formateur`(`IDFormateur`, `Nom_du_formateur`, `Prenom_du_Formateur`, `IDCoordonnee`) VALUES (5,'TRAORE','Gérard',5);
INSERT INTO `Formateur`(`IDFormateur`, `Nom_du_formateur`, `Prenom_du_Formateur`, `IDCoordonnee`) VALUES (6,'LABBE','Joseph',6);
INSERT INTO `Formateur`(`IDFormateur`, `Nom_du_formateur`, `Prenom_du_Formateur`, `IDCoordonnee`) VALUES (7,'HUET','Aurélie',7);
INSERT INTO `Formateur`(`IDFormateur`, `Nom_du_formateur`, `Prenom_du_Formateur`, `IDCoordonnee`) VALUES (8,'ANTOINE','Philippe',8);
INSERT INTO `Formateur`(`IDFormateur`, `Nom_du_formateur`, `Prenom_du_Formateur`, `IDCoordonnee`) VALUES (9,'LAROCHE','Susanne',9);
INSERT INTO `Formateur`(`IDFormateur`, `Nom_du_formateur`, `Prenom_du_Formateur`, `IDCoordonnee`) VALUES (10,'MARY','Alex',10);

-- Table Formation

INSERT INTO `Formation`(`IDFormation`, `Intitule_de_formation`, `IDFormateur`) VALUES (1,"Developpeur WEB",1);
INSERT INTO `Formation`(`IDFormation`, `Intitule_de_formation`, `IDFormateur`) VALUES (2,"Technicien Réseaux Informatique",2);
INSERT INTO `Formation`(`IDFormation`, `Intitule_de_formation`, `IDFormateur`) VALUES (3,"Chaudronnerie",3);
INSERT INTO `Formation`(`IDFormation`, `Intitule_de_formation`, `IDFormateur`) VALUES (4,"Carrossier Réparateur",4);
INSERT INTO `Formation`(`IDFormation`, `Intitule_de_formation`, `IDFormateur`) VALUES (5,"Peintre en Carrosserie",5);
INSERT INTO `Formation`(`IDFormation`, `Intitule_de_formation`, `IDFormateur`) VALUES (6,"Chauffeur-livreur",6);
INSERT INTO `Formation`(`IDFormation`, `Intitule_de_formation`, `IDFormateur`) VALUES (7,"Chef d'équipe gros œuvre",7);
INSERT INTO `Formation`(`IDFormation`, `Intitule_de_formation`, `IDFormateur`) VALUES (8,"Responsable d'établissement touristique",8);
INSERT INTO `Formation`(`IDFormation`, `Intitule_de_formation`, `IDFormateur`) VALUES (9,"Serveur en restauration",9);
INSERT INTO `Formation`(`IDFormation`, `Intitule_de_formation`, `IDFormateur`) VALUES (10,"Technicien froid et climatisation",10);


-- Table SessionFormation

INSERT INTO `Session_Formation`(`IDSessionFormation`, `DateDebutFormation`, `DateFinFormation`, `IDSessionExam`, `IDFormateur`, `IDFormation`) VALUES (1,'2021-05-31','2022-02-18',2,1,1);
INSERT INTO `Session_Formation`(`IDSessionFormation`, `DateDebutFormation`, `DateFinFormation`, `IDSessionExam`, `IDFormateur`, `IDFormation`) VALUES (2,'2022-01-05','2022-10-14',3,1,1);
INSERT INTO `Session_Formation`(`IDSessionFormation`, `DateDebutFormation`, `DateFinFormation`, `IDSessionExam`, `IDFormateur`, `IDFormation`) VALUES (3,'2021-09-17','2022-03-28',4,2,2);
INSERT INTO `Session_Formation`(`IDSessionFormation`, `DateDebutFormation`, `DateFinFormation`, `IDSessionExam`, `IDFormateur`, `IDFormation`) VALUES (4,'2020-12-01','2021-08-21',5,2,2);
INSERT INTO `Session_Formation`(`IDSessionFormation`, `DateDebutFormation`, `DateFinFormation`, `IDSessionExam`, `IDFormateur`, `IDFormation`) VALUES (5,'2021-01-31','2021-08-15',6,3,3);
INSERT INTO `Session_Formation`(`IDSessionFormation`, `DateDebutFormation`, `DateFinFormation`, `IDSessionExam`, `IDFormateur`, `IDFormation`) VALUES (6,'2021-08-16','2022-03-31',7,3,3);
INSERT INTO `Session_Formation`(`IDSessionFormation`, `DateDebutFormation`, `DateFinFormation`, `IDSessionExam`, `IDFormateur`, `IDFormation`) VALUES (7,'2020-05-16','2021-01-18',8,4,4);
INSERT INTO `Session_Formation`(`IDSessionFormation`, `DateDebutFormation`, `DateFinFormation`, `IDSessionExam`, `IDFormateur`, `IDFormation`) VALUES (8,'2021-01-25','2021-09-15',9,4,4);
INSERT INTO `Session_Formation`(`IDSessionFormation`, `DateDebutFormation`, `DateFinFormation`, `IDSessionExam`, `IDFormateur`, `IDFormation`) VALUES (9,'2021-08-16','2022-03-31',10,5,5);
INSERT INTO `Session_Formation`(`IDSessionFormation`, `DateDebutFormation`, `DateFinFormation`, `IDSessionExam`, `IDFormateur`, `IDFormation`) VALUES (10,'2022-04-15','2022-12-20',11,5,5);
INSERT INTO `Session_Formation`(`IDSessionFormation`, `DateDebutFormation`, `DateFinFormation`, `IDSessionExam`, `IDFormateur`, `IDFormation`) VALUES (11,'2021-08-16','2022-03-31',12,6,6);
INSERT INTO `Session_Formation`(`IDSessionFormation`, `DateDebutFormation`, `DateFinFormation`, `IDSessionExam`, `IDFormateur`, `IDFormation`) VALUES (12,'2021-02-16','2021-08-16',13,6,6);
INSERT INTO `Session_Formation`(`IDSessionFormation`, `DateDebutFormation`, `DateFinFormation`, `IDSessionExam`, `IDFormateur`, `IDFormation`) VALUES (13,'2019-05-31','2020-02-18',14,7,7);
INSERT INTO `Session_Formation`(`IDSessionFormation`, `DateDebutFormation`, `DateFinFormation`, `IDSessionExam`, `IDFormateur`, `IDFormation`) VALUES (14,'2020-02-20','2020-10-31',15,7,7);
INSERT INTO `Session_Formation`(`IDSessionFormation`, `DateDebutFormation`, `DateFinFormation`, `IDSessionExam`, `IDFormateur`, `IDFormation`) VALUES (15,'2021-04-01','2021-12-05',16,8,8);
INSERT INTO `Session_Formation`(`IDSessionFormation`, `DateDebutFormation`, `DateFinFormation`, `IDSessionExam`, `IDFormateur`, `IDFormation`) VALUES (16,'2021-12-15','2022-07-18',17,8,8);
INSERT INTO `Session_Formation`(`IDSessionFormation`, `DateDebutFormation`, `DateFinFormation`, `IDSessionExam`, `IDFormateur`, `IDFormation`) VALUES (17,'2020-10-16','2021-06-10',18,9,9);
INSERT INTO `Session_Formation`(`IDSessionFormation`, `DateDebutFormation`, `DateFinFormation`, `IDSessionExam`, `IDFormateur`, `IDFormation`) VALUES (18,'2021-06-15','2022-02-28',19,9,9);
INSERT INTO `Session_Formation`(`IDSessionFormation`, `DateDebutFormation`, `DateFinFormation`, `IDSessionExam`, `IDFormateur`, `IDFormation`) VALUES (19,'2022-01-16','2022-06-24',20,10,10);

-- Table Jure

INSERT INTO `Jure`(`IDJure`, `NomJures`, `PrenomJures`, `Visible_sur_Ceres`, `Visible_sur_Valce`, `IDHabilitation`, `IDEntreprise`, `IDCoordonnee`) 
VALUES (1,'Martin','Marguerite',1,1,1,1,11); 

INSERT INTO `Jure`(`IDJure`, `NomJures`, `PrenomJures`, `Visible_sur_Ceres`, `Visible_sur_Valce`, `IDHabilitation`, `IDEntreprise`, `IDCoordonnee`) 
VALUES (2,'Thérèse', 'Garcia',1,1,2,2,12); 

INSERT INTO `Jure`(`IDJure`, `NomJures`, `PrenomJures`, `Visible_sur_Ceres`, `Visible_sur_Valce`, `IDHabilitation`, `IDEntreprise`, `IDCoordonnee`) 
VALUES (3,'Riquier','Bruce',1,1,3,3,13); 

INSERT INTO `Jure`(`IDJure`, `NomJures`, `PrenomJures`, `Visible_sur_Ceres`, `Visible_sur_Valce`, `IDHabilitation`, `IDEntreprise`, `IDCoordonnee`) 
VALUES (4,'Denis','Xavier',1,0,4,4,14); 

INSERT INTO `Jure`(`IDJure`, `NomJures`, `PrenomJures`, `Visible_sur_Ceres`, `Visible_sur_Valce`, `IDHabilitation`, `IDEntreprise`, `IDCoordonnee`) 
VALUES (5,'Charlebois','Patricia',1,0,5,5,15); 

INSERT INTO `Jure`(`IDJure`, `NomJures`, `PrenomJures`, `Visible_sur_Ceres`, `Visible_sur_Valce`, `IDHabilitation`, `IDEntreprise`, `IDCoordonnee`) 
VALUES (6,'Mainville','Avent',0,1,6,6,16); 
  
INSERT INTO `Jure`(`IDJure`, `NomJures`, `PrenomJures`, `Visible_sur_Ceres`, `Visible_sur_Valce`, `IDHabilitation`, `IDEntreprise`, `IDCoordonnee`) 
VALUES (7,'Bordeaux','Rosemarie',0,1,7,7,17); 

INSERT INTO `Jure`(`IDJure`, `NomJures`, `PrenomJures`, `Visible_sur_Ceres`, `Visible_sur_Valce`, `IDHabilitation`, `IDEntreprise`, `IDCoordonnee`) 
VALUES (8,'Lamothe','Elodie',1,1,8,8,18); 

INSERT INTO `Jure`(`IDJure`, `NomJures`, `PrenomJures`, `Visible_sur_Ceres`, `Visible_sur_Valce`, `IDHabilitation`, `IDEntreprise`, `IDCoordonnee`) 
VALUES (9,'Course','Sydney',1,0,9,9,19); 

INSERT INTO `Jure`(`IDJure`, `NomJures`, `PrenomJures`, `Visible_sur_Ceres`, `Visible_sur_Valce`, `IDHabilitation`, `IDEntreprise`, `IDCoordonnee`) 
VALUES (10,'Samson','Thomas',1,0,10,10,20); 

INSERT INTO `Jure`(`IDJure`, `NomJures`, `PrenomJures`, `Visible_sur_Ceres`, `Visible_sur_Valce`, `IDHabilitation`, `IDEntreprise`, `IDCoordonnee`) 
VALUES (11,' Wagner','René',1,0,11,11,21); 

INSERT INTO `Jure`(`IDJure`, `NomJures`, `PrenomJures`, `Visible_sur_Ceres`, `Visible_sur_Valce`, `IDHabilitation`, `IDEntreprise`, `IDCoordonnee`) 
VALUES (12,'Lefevre','Nath',1,0,12,12,22); 

INSERT INTO `Jure`(`IDJure`, `NomJures`, `PrenomJures`, `Visible_sur_Ceres`, `Visible_sur_Valce`, `IDHabilitation`, `IDEntreprise`, `IDCoordonnee`) 
VALUES (13,'Galler','Valérie',0,1,13,13,23); 

INSERT INTO `Jure`(`IDJure`, `NomJures`, `PrenomJures`, `Visible_sur_Ceres`, `Visible_sur_Valce`, `IDHabilitation`, `IDEntreprise`, `IDCoordonnee`) 
VALUES (14,'Leroux','Margaret',1,1,14,14,24); 

INSERT INTO `Jure`(`IDJure`, `NomJures`, `PrenomJures`, `Visible_sur_Ceres`, `Visible_sur_Valce`, `IDHabilitation`, `IDEntreprise`, `IDCoordonnee`) 
VALUES (15,'Berger','Grégoire',0,0,15,15,25); 

INSERT INTO `Jure`(`IDJure`, `NomJures`, `PrenomJures`, `Visible_sur_Ceres`, `Visible_sur_Valce`, `IDHabilitation`, `IDEntreprise`, `IDCoordonnee`) 
VALUES (16,'Bruneau','Honoré',1,0,16,16,26); 


INSERT INTO `Jure`(`IDJure`, `NomJures`, `PrenomJures`, `Visible_sur_Ceres`, `Visible_sur_Valce`, `IDHabilitation`, `IDEntreprise`, `IDCoordonnee`) 
VALUES (17,'Benoit','Vasseur',1,0,17,17,27); 


INSERT INTO `Jure`(`IDJure`, `NomJures`, `PrenomJures`, `Visible_sur_Ceres`, `Visible_sur_Valce`, `IDHabilitation`, `IDEntreprise`, `IDCoordonnee`) 
VALUES (18,'Pelletier','Rémy',1,0,18,18,28); 

INSERT INTO `Jure`(`IDJure`, `NomJures`, `PrenomJures`, `Visible_sur_Ceres`, `Visible_sur_Valce`, `IDHabilitation`, `IDEntreprise`, `IDCoordonnee`) 
VALUES (19,'Fabre','Adélaide',1,0,19,19,29); 

INSERT INTO `Jure`(`IDJure`, `NomJures`, `PrenomJures`, `Visible_sur_Ceres`, `Visible_sur_Valce`, `IDHabilitation`, `IDEntreprise`, `IDCoordonnee`) 
VALUES (20,'Charrier','Louis',1,1,20,20,30); 


-- Table Entreprise

INSERT INTO `Entreprise`(`IDEntreprise`, `NomEntreprise`, `IDCoordonnee`) VALUES (1,"Pack digital",31);
INSERT INTO `Entreprise`(`IDEntreprise`, `NomEntreprise`, `IDCoordonnee`) VALUES (2,"CINS",32);
INSERT INTO `Entreprise`(`IDEntreprise`, `NomEntreprise`, `IDCoordonnee`) VALUES (3,"Inno réseaux",33);
INSERT INTO `Entreprise`(`IDEntreprise`, `NomEntreprise`, `IDCoordonnee`) VALUES (4,"Socacom",34);
INSERT INTO `Entreprise`(`IDEntreprise`, `NomEntreprise`, `IDCoordonnee`) VALUES (5,"BST-Normandie",35);
INSERT INTO `Entreprise`(`IDEntreprise`, `NomEntreprise`, `IDCoordonnee`) VALUES (6,"TCH",36);
INSERT INTO `Entreprise`(`IDEntreprise`, `NomEntreprise`, `IDCoordonnee`) VALUES (7,"L'atelier des bosses",37);
INSERT INTO `Entreprise`(`IDEntreprise`, `NomEntreprise`, `IDCoordonnee`) VALUES (8,"2MV Cars",38);
INSERT INTO `Entreprise`(`IDEntreprise`, `NomEntreprise`, `IDCoordonnee`) VALUES (9,"Macé",39);
INSERT INTO `Entreprise`(`IDEntreprise`, `NomEntreprise`, `IDCoordonnee`) VALUES (10,"Normandie Lifting Automobiles",40);
INSERT INTO `Entreprise`(`IDEntreprise`, `NomEntreprise`, `IDCoordonnee`) VALUES (11,"Normandie Transport",41);
INSERT INTO `Entreprise`(`IDEntreprise`, `NomEntreprise`, `IDCoordonnee`) VALUES (12,"Normandie Logistique",42);
INSERT INTO `Entreprise`(`IDEntreprise`, `NomEntreprise`, `IDCoordonnee`) VALUES (13,"Alliance TP ",43);
INSERT INTO `Entreprise`(`IDEntreprise`, `NomEntreprise`, `IDCoordonnee`) VALUES (14,"SAM & CO TP SARL ",44);
INSERT INTO `Entreprise`(`IDEntreprise`, `NomEntreprise`, `IDCoordonnee`) VALUES (15,"Le musée d'Honfleur",45);
INSERT INTO `Entreprise`(`IDEntreprise`, `NomEntreprise`, `IDCoordonnee`) VALUES (16,"SARL VOYAGES COUPRIS",46);
INSERT INTO `Entreprise`(`IDEntreprise`, `NomEntreprise`, `IDCoordonnee`) VALUES (17,"JUS'TE CHEZ MOI",47);
INSERT INTO `Entreprise`(`IDEntreprise`, `NomEntreprise`, `IDCoordonnee`) VALUES (18,"Les 3 Brasseurs",48);
INSERT INTO `Entreprise`(`IDEntreprise`, `NomEntreprise`, `IDCoordonnee`) VALUES (19,"Lsfroid",49);
INSERT INTO `Entreprise`(`IDEntreprise`, `NomEntreprise`, `IDCoordonnee`) VALUES (20,"Froid servic Lagille",50);


-- Table Utilisateur

INSERT INTO `Utilisateur`(`IDUtilisateur`, `Identifiant`, `Mot_de_passe`, `TypeUtilisateur`) VALUES (1,"IronMan","mdp","Administrateur");
INSERT INTO `Utilisateur`(`IDUtilisateur`, `Identifiant`, `Mot_de_passe`, `TypeUtilisateur`) VALUES (2,"dBIN","mdp","Formateur");


--Table Habilitation
INSERT INTO `Habilitation` (`IDHabilitation`, `Titre_Habilitation`, `DateValidation`, `DateExpiration`, `IDFormation`) VALUES(1, 'DWWM', '2016-10-28', '2021-10-28', 1);
INSERT INTO `Habilitation` (`IDHabilitation`, `Titre_Habilitation`, `DateValidation`, `DateExpiration`, `IDFormation`) VALUES(2, 'DWWM', '2018-08-08', '2023-08-08', 1);
INSERT INTO `Habilitation` (`IDHabilitation`, `Titre_Habilitation`, `DateValidation`, `DateExpiration`, `IDFormation`) VALUES(3, 'TRI', '2015-02-14', '2020-02-14', 2);
INSERT INTO `Habilitation` (`IDHabilitation`, `Titre_Habilitation`, `DateValidation`, `DateExpiration`, `IDFormation`) VALUES(4, 'TRI', '2020-08-15', '2025-08-15', 2);
INSERT INTO `Habilitation` (`IDHabilitation`, `Titre_Habilitation`, `DateValidation`, `DateExpiration`, `IDFormation`) VALUES(5, 'DWWM', '2016-06-21', '2021-06-21', 1);
INSERT INTO `Habilitation` (`IDHabilitation`, `Titre_Habilitation`, `DateValidation`, `DateExpiration`, `IDFormation`) VALUES(6, 'CDR', '2021-03-03', '2026-03-03', 3);
INSERT INTO `Habilitation` (`IDHabilitation`, `Titre_Habilitation`, `DateValidation`, `DateExpiration`, `IDFormation`) VALUES(7, 'CDR', '2017-03-26', '2022-03-26', 3);
INSERT INTO `Habilitation` (`IDHabilitation`, `Titre_Habilitation`, `DateValidation`, `DateExpiration`, `IDFormation`) VALUES(8, 'CaRe', '2020-09-25', '2025-09-25', 4);
INSERT INTO `Habilitation` (`IDHabilitation`, `Titre_Habilitation`, `DateValidation`, `DateExpiration`, `IDFormation`) VALUES(9, 'CaRe', '2017-04-13', '2022-04-13', 4);
INSERT INTO `Habilitation` (`IDHabilitation`, `Titre_Habilitation`, `DateValidation`, `DateExpiration`, `IDFormation`) VALUES(10, 'PeCa', '2019-12-25', '2024-12-25', 5);
INSERT INTO `Habilitation` (`IDHabilitation`, `Titre_Habilitation`, `DateValidation`, `DateExpiration`, `IDFormation`) VALUES(11, 'PeCa', '2014-01-01', '2014-01-01', 5);
INSERT INTO `Habilitation` (`IDHabilitation`, `Titre_Habilitation`, `DateValidation`, `DateExpiration`, `IDFormation`) VALUES(12, 'CHLI', '2014-05-03', '2019-05-03', 6);
INSERT INTO `Habilitation` (`IDHabilitation`, `Titre_Habilitation`, `DateValidation`, `DateExpiration`, `IDFormation`) VALUES(13, 'CHLI', '2021-10-08', '2026-10-08', 6);
INSERT INTO `Habilitation` (`IDHabilitation`, `Titre_Habilitation`, `DateValidation`, `DateExpiration`, `IDFormation`) VALUES(14, 'CEGO', '2021-02-23', '2026-02-23', 7);
INSERT INTO `Habilitation` (`IDHabilitation`, `Titre_Habilitation`, `DateValidation`, `DateExpiration`, `IDFormation`) VALUES(15, 'CEGO', '2018-04-21', '2023-04-21', 7);
INSERT INTO `Habilitation` (`IDHabilitation`, `Titre_Habilitation`, `DateValidation`, `DateExpiration`, `IDFormation`) VALUES(16, 'RETO', '2014-01-06', '2019-01-06', 8);
INSERT INTO `Habilitation` (`IDHabilitation`, `Titre_Habilitation`, `DateValidation`, `DateExpiration`, `IDFormation`) VALUES(17, 'RETO', '2018-04-04', '2023-04-04', 8);
INSERT INTO `Habilitation` (`IDHabilitation`, `Titre_Habilitation`, `DateValidation`, `DateExpiration`, `IDFormation`) VALUES(18, 'SERE', '2018-11-02', '2023-11-02', 9);
INSERT INTO `Habilitation` (`IDHabilitation`, `Titre_Habilitation`, `DateValidation`, `DateExpiration`, `IDFormation`) VALUES(19, 'SERE', '2019-07-14', '2024-07-14', 9);
INSERT INTO `Habilitation` (`IDHabilitation`, `Titre_Habilitation`, `DateValidation`, `DateExpiration`, `IDFormation`) VALUES(20, 'TFC', '2021-11-10', '2026-10-11', 10);
INSERT INTO `Habilitation` (`IDHabilitation`, `Titre_Habilitation`, `DateValidation`, `DateExpiration`, `IDFormation`) VALUES(21, 'TFC', '2017-05-09', '2022-05-09', 10);

-- Table Technologie

INSERT INTO `Technologie`(`IDTechnologie`, `Nom_de_la_Technologie`) VALUES
(1,"PHP"),
(2,"Javascript"),
(3,'MySQL'),
(4,"Fibre optique"),
(5,"Wifi"),
(6,"Soudure"),
(7,"Cuivre"),
(8,"Inox"),
(9,"Pastique de Carroserie"),
(10,"Transporteur de palette"),
(11,"Grue"),
(12,"Tracteur-Pelleteus"),
(13,"Bureautique"),
(14,"Galetière"),
(15,"Four industrielle"),
(16,"Climatisation à l'Azote");
